model,baseline_accuracy,baseline_f1,attack_accuracy,attack_f1,accuracy_drop,f1_drop
MLP,0.967124488603156,0.9610793980280228,0.5786090005844535,0.07623318385650223,0.3885154880187025,0.8848462141715205
LSVM,0.8630917592051431,0.8394173093401885,0.6727060198714202,0.5057369814651368,0.19038573933372294,0.33368032787505175
QSVM,0.9156925774400935,0.9016868291020617,0.6458211572180012,0.39731476877175537,0.2698714202220923,0.5043720603303063
KNN,0.98947983635301,0.9873639873639873,0.6981297486849796,0.4422246220302375,0.2913500876680304,0.5451393653337498
RF,0.994155464640561,0.992965177629265,0.5968731735827002,0.07010448264239973,0.39728229105786084,0.9228606949868652
DeepMLP,0.9779368790181181,0.9733451015004413,0.6247808299240211,0.20935960591133004,0.35315604909409704,0.7639854955891112
