{
  "MLP": {
    "accuracy": 0.9887001129988701,
    "precision": 0.9686263096623982,
    "recall": 0.998440031199376,
    "f1_score": 0.9833072355009307,
    "train_time": 56.950989961624146
  },
  "SVM": {
    "accuracy": 0.983770162298377,
    "precision": 0.9559453630481668,
    "recall": 0.997270054598908,
    "f1_score": 0.9761705501475577,
    "train_time": 40.96510410308838
  },
  "RF": {
    "accuracy": 0.9923000769992301,
    "precision": 0.9858558128431607,
    "recall": 0.9911201775964481,
    "f1_score": 0.9884809861472639,
    "train_time": 17.98188018798828
  },
  "KNN": {
    "accuracy": 0.984730152698473,
    "precision": 0.9757965594614809,
    "recall": 0.9784604307913841,
    "f1_score": 0.9771266795488248,
    "train_time": 0.024911880493164062
  },
  "NB": {
    "accuracy": 0.958280417195828,
    "precision": 0.9060428849902534,
    "recall": 0.9760604787904242,
    "f1_score": 0.9397492923574605,
    "train_time": 0.5549254417419434
  }
}