{
  "MLP": {
    "accuracy": 0.9630903690963091,
    "precision": 0.9582882409325624,
    "recall": 0.9297414051718965,
    "f1_score": 0.9437990102778835,
    "train_time": 142.4851953983307
  },
  "SVM": {
    "accuracy": 0.8310316896831031,
    "precision": 0.7718567033839436,
    "recall": 0.7000059998800024,
    "f1_score": 0.7341776134665304,
    "train_time": 45.3836190700531
  },
  "RF": {
    "accuracy": 0.992160078399216,
    "precision": 0.9820222722426253,
    "recall": 0.994690106197876,
    "f1_score": 0.9883155980804198,
    "train_time": 18.011687755584717
  },
  "KNN": {
    "accuracy": 0.98360016399836,
    "precision": 0.9723397913561848,
    "recall": 0.9786404271914562,
    "f1_score": 0.9754799354105615,
    "train_time": 0.019696712493896484
  },
  "NB": {
    "accuracy": 0.5218147818521814,
    "precision": 0.40824729207575855,
    "recall": 0.9667306653866923,
    "f1_score": 0.5740676411119722,
    "train_time": 0.2503337860107422
  }
}