{
  "MLP": {
    "accuracy": 0.964030359696403,
    "precision": 0.9317845215623639,
    "recall": 0.9625607487850243,
    "f1_score": 0.9469226342427953,
    "train_time": 127.98105120658875
  },
  "SVM": {
    "accuracy": 0.8310316896831031,
    "precision": 0.7718567033839436,
    "recall": 0.7000059998800024,
    "f1_score": 0.7341776134665304,
    "train_time": 41.04405641555786
  },
  "RF": {
    "accuracy": 0.992310076899231,
    "precision": 0.982744818998488,
    "recall": 0.9943901121977561,
    "f1_score": 0.9885331703025514,
    "train_time": 16.96131944656372
  },
  "KNN": {
    "accuracy": 0.98360016399836,
    "precision": 0.9723397913561848,
    "recall": 0.9786404271914562,
    "f1_score": 0.9754799354105615,
    "train_time": 0.018266677856445312
  },
  "NB": {
    "accuracy": 0.5218147818521814,
    "precision": 0.40824729207575855,
    "recall": 0.9667306653866923,
    "f1_score": 0.5740676411119722,
    "train_time": 0.21408343315124512
  }
}