{
  "input_dim": 64,
  "latent_dim": 32,
  "mask_ratio": 0.5,
  "learning_rate": 0.001,
  "epochs": 100,
  "batch_size": 128,
  "final_train_loss": 0.008209365420043468,
  "final_val_loss": 0.03806474059820175,
  "best_val_loss": 0.007315250113606453
}