{
  "MLP": {
    "accuracy": 0.99072,
    "precision": 0.9828210476602779,
    "recall": 0.9989,
    "f1_score": 0.9907952944910632,
    "train_time": 60.199034452438354
  }
}