{
  "SVM": {
    "accuracy": 0.97415,
    "precision": 0.9523209890675978,
    "recall": 0.99828,
    "f1_score": 0.9747590637907297,
    "train_time": 62.95087933540344
  }
}