{
  "KNN": {
    "accuracy": 0.96429,
    "precision": 0.9611633127396253,
    "recall": 0.96768,
    "f1_score": 0.9644106479036068,
    "train_time": 0.02997875213623047
  }
}