{
  "SVM": {
    "accuracy": 0.97528,
    "precision": 0.9542917224240107,
    "recall": 0.99838,
    "f1_score": 0.9758381389893461,
    "train_time": 87.28961539268494
  }
}