{
  "MLP": {
    "accuracy": 0.99096,
    "precision": 0.9834186687672312,
    "recall": 0.99876,
    "f1_score": 0.9910299662631474,
    "train_time": 57.67986869812012
  }
}