{
  "RF": {
    "accuracy": 0.992,
    "precision": 0.987959693735867,
    "recall": 0.99614,
    "f1_score": 0.9920329834485231,
    "train_time": 34.2381546497345
  }
}