accuracy,precision,recall,f1
0.9964509964509964,0.9950980392156863,0.997815401419989,0.9964548677392965
