accuracy,precision,recall,f1
0.9967239967239967,0.9956403269754769,0.997815401419989,0.9967266775777415
