accuracy,precision,recall,f1
0.5304395304395304,0.9302325581395349,0.0655379574003277,0.12244897959183673
