accuracy,precision,recall,f1
0.49904449904449905,0.3333333333333333,0.002184598580010923,0.004340748779164405
