{
  "MLP": {
    "accuracy": 0.9666303336966631,
    "precision": 0.9494201899739311,
    "recall": 0.9505309893802124,
    "f1_score": 0.9499752649646964,
    "train_time": 131.17556738853455
  },
  "SVM": {
    "accuracy": 0.8966810331896681,
    "precision": 0.905965407695023,
    "recall": 0.7699646007079859,
    "f1_score": 0.8324468085106383,
    "train_time": 260.3502745628357
  },
  "RF": {
    "accuracy": 0.9636803631963681,
    "precision": 0.9815811660937804,
    "recall": 0.9080818383632328,
    "f1_score": 0.9434021068378733,
    "train_time": 91.17174553871155
  },
  "KNN": {
    "accuracy": 0.9724902750972491,
    "precision": 0.9749945640356599,
    "recall": 0.9416211675766485,
    "f1_score": 0.9580173058433928,
    "train_time": 0.021795272827148438
  },
  "NB": {
    "accuracy": 0.7911520884791152,
    "precision": 0.643431573611079,
    "recall": 0.8376732465350692,
    "f1_score": 0.7278153549412884,
    "train_time": 0.1436138153076172
  }
}