{
  "MLP": {
    "accuracy": 0.96790032099679,
    "precision": 0.9625353150718585,
    "recall": 0.9403011939761204,
    "f1_score": 0.9512883547300373,
    "train_time": 128.37607216835022
  },
  "SVM": {
    "accuracy": 0.8950710492895071,
    "precision": 0.912188255675461,
    "recall": 0.7582048359032819,
    "f1_score": 0.8280991464753198,
    "train_time": 232.54085659980774
  },
  "RF": {
    "accuracy": 0.9625003749962501,
    "precision": 0.9805717998700455,
    "recall": 0.9054418911621768,
    "f1_score": 0.9415104345384784,
    "train_time": 69.22894835472107
  },
  "KNN": {
    "accuracy": 0.9731402685973141,
    "precision": 0.9754576481538939,
    "recall": 0.9431511369772605,
    "f1_score": 0.9590323958269783,
    "train_time": 0.017870426177978516
  },
  "NB": {
    "accuracy": 0.7938420615793842,
    "precision": 0.6594693550005015,
    "recall": 0.7888942221155577,
    "f1_score": 0.718399125802486,
    "train_time": 0.10973095893859863
  }
}