{
  "SVM": {
    "accuracy": 0.97461,
    "precision": 0.9530537047289944,
    "recall": 0.9984,
    "f1_score": 0.9751999921858975,
    "train_time": 100.74004244804382
  }
}