{
  "RF": {
    "accuracy": 0.98923,
    "precision": 0.985260568549267,
    "recall": 0.99332,
    "f1_score": 0.9892738698722225,
    "train_time": 34.49267554283142
  }
}