{
  "MLP": {
    "accuracy": 0.99031,
    "precision": 0.9821235422525517,
    "recall": 0.9988,
    "f1_score": 0.990391575523803,
    "train_time": 57.420406103134155
  }
}