{
  "threshold": 0.0073938192799687386,
  "threshold_percentile": 95,
  "error_statistics": {
    "clean": {
      "mean": 0.0022203826811164618,
      "std": 0.02171279676258564,
      "min": 2.4760596716077998e-05,
      "max": 0.8580235838890076,
      "median": 0.0004632404015865177
    },
    "adversarial": {
      "mean": 0.001367103890515864,
      "std": 0.004356461111456156,
      "min": 2.7502166631165892e-05,
      "max": 0.8580235838890076,
      "median": 0.0005272752023302019
    },
    "increase": {
      "absolute": -0.0008532787906005979,
      "relative_pct": -38.42935562133789
    }
  },
  "detection_performance": {
    "accuracy": 0.487910120898791,
    "precision": 0.3405433922447903,
    "recall": 0.025819741802581973,
    "f1_score": 0.048000148722381786,
    "true_positive_rate": 0.025819741802581973,
    "false_positive_rate": 0.04999950000499995,
    "auc": 0.5360538197699993
  }
}