{
  "ENSEMBLE_SOFT": {
    "accuracy": 0.983090169098309,
    "precision": 0.9665870417883158,
    "recall": 0.9832603347933041,
    "f1_score": 0.9748524009934121
  },
  "ENSEMBLE_HARD": {
    "accuracy": 0.98090019099809,
    "precision": 0.9637270527123546,
    "recall": 0.9795704085918282,
    "f1_score": 0.9715841466317544
  },
  "ENSEMBLE_WEIGHTED_SOFT": {
    "accuracy": 0.983680163198368,
    "precision": 0.9677466949952785,
    "recall": 0.9838303233935322,
    "f1_score": 0.9757222337925084
  },
  "MLP": {
    "accuracy": 0.9743202567974321,
    "precision": 0.9529740871613663,
    "recall": 0.9708705825883482,
    "f1_score": 0.9618390941242904
  },
  "SVM": {
    "accuracy": 0.9162308376916231,
    "precision": 0.8626311353927523,
    "recall": 0.8905021899562009,
    "f1_score": 0.876345117720865
  },
  "RF": {
    "accuracy": 0.985490145098549,
    "precision": 0.9775620862167101,
    "recall": 0.9789404211915762,
    "f1_score": 0.97825076819306
  },
  "KNN": {
    "accuracy": 0.982810171898281,
    "precision": 0.9706434036978593,
    "recall": 0.9780104397912042,
    "f1_score": 0.974312995920563
  },
  "NB": {
    "accuracy": 0.7808721912780873,
    "precision": 0.6359157443770083,
    "recall": 0.8015239695206096,
    "f1_score": 0.7091799493025787
  }
}