{
  "MLP": {
    "accuracy": 0.9596504034959651,
    "precision": 0.9314640827025594,
    "recall": 0.9487610247795044,
    "f1_score": 0.9400329930001337,
    "train_time": 130.3210744857788
  },
  "SVM": {
    "accuracy": 0.8368616313836862,
    "precision": 0.7995635032385243,
    "recall": 0.6814063718725626,
    "f1_score": 0.7357714359755111,
    "train_time": 42.96044039726257
  },
  "RF": {
    "accuracy": 0.991620083799162,
    "precision": 0.9835714285714285,
    "recall": 0.991420171596568,
    "f1_score": 0.9874802043804345,
    "train_time": 20.778022289276123
  },
  "KNN": {
    "accuracy": 0.982590174098259,
    "precision": 0.9741273223879701,
    "recall": 0.9736305273894522,
    "f1_score": 0.9738788615324601,
    "train_time": 0.019537687301635742
  },
  "NB": {
    "accuracy": 0.5206747932520674,
    "precision": 0.40737968050145285,
    "recall": 0.9631607367852643,
    "f1_score": 0.5725801417807304,
    "train_time": 0.1484677791595459
  }
}