{
  "MLP": {
    "accuracy": 0.9601403985960141,
    "precision": 0.9440476910972584,
    "recall": 0.9358912821743565,
    "f1_score": 0.9399517927086471,
    "train_time": 129.95317959785461
  },
  "SVM": {
    "accuracy": 0.8368616313836862,
    "precision": 0.7995635032385243,
    "recall": 0.6814063718725626,
    "f1_score": 0.7357714359755111,
    "train_time": 44.288776874542236
  },
  "RF": {
    "accuracy": 0.991740082599174,
    "precision": 0.9841246202418538,
    "recall": 0.9912101757964841,
    "f1_score": 0.9876546900221199,
    "train_time": 20.39277672767639
  },
  "KNN": {
    "accuracy": 0.982590174098259,
    "precision": 0.9741273223879701,
    "recall": 0.9736305273894522,
    "f1_score": 0.9738788615324601,
    "train_time": 0.019606828689575195
  },
  "NB": {
    "accuracy": 0.5206747932520674,
    "precision": 0.40737968050145285,
    "recall": 0.9631607367852643,
    "f1_score": 0.5725801417807304,
    "train_time": 0.25546908378601074
  }
}