{
  "MLP": {
    "accuracy": 0.8109818901810982,
    "precision": 0.9629795970742975,
    "recall": 0.4502609947801044,
    "f1_score": 0.613614063777596,
    "train_time": 130.7231798171997
  },
  "SVM": {
    "accuracy": 0.6815231847681523,
    "precision": 0.921201814058957,
    "recall": 0.04874902501949961,
    "f1_score": 0.09259786882443444,
    "train_time": 60.61109519004822
  },
  "RF": {
    "accuracy": 0.8120918790812092,
    "precision": 0.9959757178910034,
    "recall": 0.43805123897522047,
    "f1_score": 0.6084800500052089,
    "train_time": 21.464101314544678
  },
  "KNN": {
    "accuracy": 0.8220917790822092,
    "precision": 0.983994519524195,
    "recall": 0.4739905201895962,
    "f1_score": 0.6397926747788059,
    "train_time": 0.018835783004760742
  },
  "NB": {
    "accuracy": 0.5210747892521075,
    "precision": 0.4075466426203691,
    "recall": 0.9626507469850603,
    "f1_score": 0.5726548348814591,
    "train_time": 0.18980026245117188
  }
}