{
  "MLP": {
    "accuracy": 0.8596114038859611,
    "precision": 0.970954356846473,
    "recall": 0.5966880662386752,
    "f1_score": 0.7391441684163585,
    "train_time": 134.6148166656494
  },
  "SVM": {
    "accuracy": 0.6815231847681523,
    "precision": 0.921201814058957,
    "recall": 0.04874902501949961,
    "f1_score": 0.09259786882443444,
    "train_time": 61.52574443817139
  },
  "RF": {
    "accuracy": 0.8099519004809952,
    "precision": 0.9966035904900534,
    "recall": 0.4313313733725325,
    "f1_score": 0.6020811959548585,
    "train_time": 22.682908058166504
  },
  "KNN": {
    "accuracy": 0.8220817791822081,
    "precision": 0.9839935226706528,
    "recall": 0.4739605207895842,
    "f1_score": 0.6397651346426403,
    "train_time": 0.021252155303955078
  },
  "NB": {
    "accuracy": 0.5210747892521075,
    "precision": 0.4075466426203691,
    "recall": 0.9626507469850603,
    "f1_score": 0.5726548348814591,
    "train_time": 0.14702868461608887
  }
}