{
  "MLP": {
    "accuracy": 0.959230407695923,
    "precision": 0.9461404739394309,
    "recall": 0.9306713865722686,
    "f1_score": 0.9383421804818293,
    "train_time": 130.14000248908997
  },
  "SVM": {
    "accuracy": 0.8412515874841252,
    "precision": 0.8493057500700252,
    "recall": 0.6367372652546949,
    "f1_score": 0.727818259751393,
    "train_time": 42.60897970199585
  },
  "RF": {
    "accuracy": 0.98790012099879,
    "precision": 0.9862851952770209,
    "recall": 0.9772904541909162,
    "f1_score": 0.9817672231932976,
    "train_time": 21.795111417770386
  },
  "KNN": {
    "accuracy": 0.9737102628973711,
    "precision": 0.9768301394539864,
    "recall": 0.9435111297774045,
    "f1_score": 0.9598815827623568,
    "train_time": 0.02118086814880371
  },
  "NB": {
    "accuracy": 0.5207347926520735,
    "precision": 0.4074083473979417,
    "recall": 0.9631307373852523,
    "f1_score": 0.5726031550692456,
    "train_time": 0.14723682403564453
  }
}