{
  "MLP": {
    "accuracy": 0.956790432095679,
    "precision": 0.9534840101284817,
    "recall": 0.9150116997660047,
    "f1_score": 0.9338517826799136,
    "train_time": 129.29572987556458
  },
  "SVM": {
    "accuracy": 0.8412515874841252,
    "precision": 0.8493057500700252,
    "recall": 0.6367372652546949,
    "f1_score": 0.727818259751393,
    "train_time": 40.19626212120056
  },
  "RF": {
    "accuracy": 0.988340116598834,
    "precision": 0.9861270628060207,
    "recall": 0.9787904241915162,
    "f1_score": 0.982445046672689,
    "train_time": 21.446763038635254
  },
  "KNN": {
    "accuracy": 0.9737102628973711,
    "precision": 0.9768301394539864,
    "recall": 0.9435111297774045,
    "f1_score": 0.9598815827623568,
    "train_time": 0.020472049713134766
  },
  "NB": {
    "accuracy": 0.5207347926520735,
    "precision": 0.4074083473979417,
    "recall": 0.9631307373852523,
    "f1_score": 0.5726031550692456,
    "train_time": 0.22266459465026855
  }
}