{
  "experiment": "Exp5 - Trigger-based Backdoor Attack",
  "timestamp": "20260217_210413",
  "trigger_metadata": {
    "trigger_rate": 5,
    "trigger_size": 3,
    "trigger_type": "fixed",
    "trigger_value": 1.0,
    "trigger_indices": [
      13,
      30,
      39
    ],
    "n_backdoored_samples": 9999,
    "n_total_samples": 299999,
    "backdoor_percentage": 3.333011110037033,
    "random_state": 42,
    "created_at": "2026-02-17T20:58:40.198697"
  },
  "results": [
    {
      "model": "mlp",
      "clean_accuracy": 0.9643303566964331,
      "clean_precision": 0.9233197758753093,
      "clean_recall": 0.9738705225895482,
      "clean_f1": 0.9479216854277079,
      "asr_total": 0.999940000599994,
      "asr_benign": 0.9999550002249988,
      "backdoor_effectiveness": 0.9642724974536238
    },
    {
      "model": "svm",
      "clean_accuracy": 0.8518914810851892,
      "clean_precision": 0.8001231407369,
      "clean_recall": 0.740715185696286,
      "clean_f1": 0.7692739083700714,
      "asr_total": 0.996940030599694,
      "asr_benign": 0.9961300193499032,
      "backdoor_effectiveness": 0.8492847192206872
    },
    {
      "model": "rf",
      "clean_accuracy": 0.991980080199198,
      "clean_precision": 0.9799362681458751,
      "clean_recall": 0.996340073198536,
      "clean_f1": 0.9880700919287181,
      "asr_total": 0.999990000099999,
      "asr_benign": 0.9999850000749996,
      "backdoor_effectiveness": 0.9919701604975931
    },
    {
      "model": "knn",
      "clean_accuracy": 0.983530164698353,
      "clean_precision": 0.9712101835053386,
      "clean_recall": 0.9796304073918521,
      "clean_f1": 0.9754021237510642,
      "asr_total": 0.999840001599984,
      "asr_benign": 0.9998050009749951,
      "backdoor_effectiveness": 0.9833728014456338
    }
  ]
}