{
  "RF": {
    "accuracy": 0.49802,
    "precision": 0.4980226101545959,
    "recall": 0.49868,
    "f1_score": 0.4983510882817341,
    "train_time": 80.33976674079895
  }
}