{
  "MLP": {
    "accuracy": 0.50752,
    "precision": 0.7004264392324094,
    "recall": 0.02628,
    "f1_score": 0.05065926439972242,
    "train_time": 59.26678657531738
  }
}