{
  "MLP": {
    "accuracy": 0.8753812461875381,
    "precision": 0.933640821075376,
    "recall": 0.6740565188696226,
    "f1_score": 0.7828919860627177,
    "train_time": 0
  },
  "SVM": {
    "accuracy": 0.8536014639853602,
    "precision": 0.8320662214011653,
    "recall": 0.7026159476810464,
    "f1_score": 0.7618815263003805,
    "train_time": 0
  },
  "RF": {
    "accuracy": 0.7774722252777472,
    "precision": 0.940386296796757,
    "recall": 0.35492290154196915,
    "f1_score": 0.5153435696395513,
    "train_time": 0
  },
  "KNN": {
    "accuracy": 0.8519214807851921,
    "precision": 0.9518977461215729,
    "recall": 0.5853482930341393,
    "f1_score": 0.7249219794917521,
    "train_time": 0
  },
  "NB": {
    "accuracy": 0.6421435785642143,
    "precision": 0.4564352213773008,
    "recall": 0.38534229315413693,
    "f1_score": 0.41788665495477917,
    "train_time": 0
  }
}