{
  "MLP": {
    "accuracy": 0.951240487595124,
    "precision": 0.9548622210856084,
    "recall": 0.8960820783584328,
    "f1_score": 0.9245388139160579,
    "train_time": 0
  },
  "SVM": {
    "accuracy": 0.8913910860891391,
    "precision": 0.8449636201762196,
    "recall": 0.8256734865302694,
    "f1_score": 0.8352071858831382,
    "train_time": 0
  },
  "RF": {
    "accuracy": 0.9498505014949851,
    "precision": 0.974339218116646,
    "recall": 0.872532549349013,
    "f1_score": 0.9206298963361557,
    "train_time": 0
  },
  "KNN": {
    "accuracy": 0.9490305096949031,
    "precision": 0.9675464450110938,
    "recall": 0.876492470150597,
    "f1_score": 0.9197714501581904,
    "train_time": 0
  },
  "NB": {
    "accuracy": 0.8496115038849612,
    "precision": 0.699644252384382,
    "recall": 0.9616907661846763,
    "f1_score": 0.8100008843631953,
    "train_time": 0
  }
}