{
  "MLP": {
    "accuracy": 0.7489025109748902,
    "precision": 0.975925925925926,
    "recall": 0.252954940901182,
    "f1_score": 0.40177252584933526,
    "train_time": 146.69306707382202
  },
  "SVM": {
    "accuracy": 0.6855431445685544,
    "precision": 0.9338235294117647,
    "recall": 0.06095878082438351,
    "f1_score": 0.11444663475077442,
    "train_time": 274.9707725048065
  },
  "RF": {
    "accuracy": 0.8211517884821152,
    "precision": 0.9851158701249765,
    "recall": 0.47057058858822826,
    "f1_score": 0.6369043993747081,
    "train_time": 82.03767156600952
  },
  "KNN": {
    "accuracy": 0.8208117918820812,
    "precision": 0.981628444666625,
    "recall": 0.47126057478850425,
    "f1_score": 0.6368040213227395,
    "train_time": 0.021616697311401367
  },
  "NB": {
    "accuracy": 0.7892621073789262,
    "precision": 0.6415965998336876,
    "recall": 0.8332633347333054,
    "f1_score": 0.7249758567588024,
    "train_time": 0.1046745777130127
  }
}