{
  "MLP": {
    "accuracy": 0.7073229267707323,
    "precision": 0.9865964576352322,
    "recall": 0.12365752684946302,
    "f1_score": 0.2197696737044146,
    "train_time": 127.70039057731628
  },
  "SVM": {
    "accuracy": 0.6822431775682243,
    "precision": 0.860982391102873,
    "recall": 0.05573888522229555,
    "f1_score": 0.10469965062549307,
    "train_time": 236.14870715141296
  },
  "RF": {
    "accuracy": 0.8206417935820641,
    "precision": 0.9847015865021406,
    "recall": 0.46922061558768824,
    "f1_score": 0.6355804786866593,
    "train_time": 70.02508807182312
  },
  "KNN": {
    "accuracy": 0.8206217937820621,
    "precision": 0.9817874577544123,
    "recall": 0.4706005879882402,
    "f1_score": 0.6362345879299156,
    "train_time": 0.016933202743530273
  },
  "NB": {
    "accuracy": 0.7946820531794682,
    "precision": 0.6640693084533758,
    "recall": 0.7772244555108898,
    "f1_score": 0.7162050091225742,
    "train_time": 0.11101675033569336
  }
}