{
  "CNN": {
    "accuracy": 0.98904,
    "precision": 0.9796955310550477,
    "recall": 0.99878,
    "f1_score": 0.9891457206805713,
    "train_time": 61.18133592605591
  }
}