{
  "KNN": {
    "accuracy": 0.98997,
    "precision": 0.9847636385222708,
    "recall": 0.99534,
    "f1_score": 0.9900235734107841,
    "train_time": 0.027623891830444336
  }
}