{
  "threshold": 0.06502962857484818,
  "threshold_percentile": 95,
  "error_statistics": {
    "clean": {
      "mean": 0.012453989125788212,
      "std": 0.02347107045352459,
      "min": 0.0006312117329798639,
      "max": 3.6332476139068604,
      "median": 0.005307690240442753
    },
    "adversarial": {
      "mean": 0.012307243421673775,
      "std": 0.02273220382630825,
      "min": 0.0005553232622332871,
      "max": 3.6332473754882812,
      "median": 0.005510893650352955
    },
    "increase": {
      "absolute": -0.0001467457041144371,
      "relative_pct": -1.178300380706787
    }
  },
  "detection_performance": {
    "accuracy": 0.4987750122498775,
    "precision": 0.48744233726294206,
    "recall": 0.047549524504754956,
    "f1_score": 0.0866467436859944,
    "true_positive_rate": 0.047549524504754956,
    "false_positive_rate": 0.04999950000499995,
    "auc": 0.5201225501469848
  }
}