{
  "RF": {
    "accuracy": 0.98496,
    "precision": 0.9811302035795071,
    "recall": 0.98894,
    "f1_score": 0.9850196219048187,
    "train_time": 38.16720771789551
  }
}