{
  "CNN": {
    "accuracy": 0.98791,
    "precision": 0.9772482735684802,
    "recall": 0.99908,
    "f1_score": 0.9880435535073232,
    "train_time": 67.27176070213318
  }
}