{
  "MLP": {
    "accuracy": 0.9660203397966021,
    "precision": 0.9495434887073523,
    "recall": 0.9484610307793844,
    "f1_score": 0.9490019510730903,
    "train_time": 131.42809128761292
  },
  "SVM": {
    "accuracy": 0.8588914110858892,
    "precision": 0.7911076112305782,
    "recall": 0.7835843283134337,
    "f1_score": 0.7873279980708655,
    "train_time": 42.08626890182495
  },
  "RF": {
    "accuracy": 0.917130828691713,
    "precision": 0.9777955820075541,
    "recall": 0.7688546229075418,
    "f1_score": 0.8608279452514905,
    "train_time": 17.299538135528564
  },
  "KNN": {
    "accuracy": 0.9454505454945451,
    "precision": 0.9687909870522953,
    "recall": 0.864192716145677,
    "f1_score": 0.9135074283721004,
    "train_time": 0.02480483055114746
  },
  "NB": {
    "accuracy": 0.5159148408515914,
    "precision": 0.4037909247558874,
    "recall": 0.9490310193796124,
    "f1_score": 0.5665344424645636,
    "train_time": 0.1461963653564453
  }
}