{
  "MLP": {
    "accuracy": 0.9057209427905721,
    "precision": 0.9323278356481481,
    "recall": 0.7732945341093178,
    "f1_score": 0.845397002394149,
    "train_time": 129.02040934562683
  },
  "SVM": {
    "accuracy": 0.6475535244647553,
    "precision": 0.41959101237061347,
    "recall": 0.1495770084598308,
    "f1_score": 0.2205365238737643,
    "train_time": 41.982481718063354
  },
  "RF": {
    "accuracy": 0.7287527124728753,
    "precision": 0.918227131887377,
    "recall": 0.20447591048179037,
    "f1_score": 0.33447015236646466,
    "train_time": 17.972022533416748
  },
  "KNN": {
    "accuracy": 0.8883711162888371,
    "precision": 0.9613767844508262,
    "recall": 0.6929561408771825,
    "f1_score": 0.8053904220637716,
    "train_time": 0.019187450408935547
  },
  "NB": {
    "accuracy": 0.4824551754482455,
    "precision": 0.37719169588927853,
    "recall": 0.8486530269394612,
    "f1_score": 0.5222600684925185,
    "train_time": 0.16403818130493164
  }
}