{
  "CNN": {
    "accuracy": 0.99031,
    "precision": 0.9818771498771499,
    "recall": 0.99906,
    "f1_score": 0.9903940520446097,
    "train_time": 61.84705376625061
  }
}