{
  "MLP": {
    "accuracy": 0.988950110498895,
    "precision": 0.9691949337603727,
    "recall": 0.998590028199436,
    "f1_score": 0.9836729266094357,
    "train_time": 57.553590059280396
  },
  "SVM": {
    "accuracy": 0.983650163498365,
    "precision": 0.9551968752692496,
    "recall": 0.9977500449991,
    "f1_score": 0.9760098601675642,
    "train_time": 26.349050760269165
  },
  "RF": {
    "accuracy": 0.992960070399296,
    "precision": 0.9828065814393939,
    "recall": 0.996310073798524,
    "f1_score": 0.9895122605249828,
    "train_time": 13.498219966888428
  },
  "KNN": {
    "accuracy": 0.988950110498895,
    "precision": 0.9740534815991527,
    "recall": 0.993310133797324,
    "f1_score": 0.9835875651670206,
    "train_time": 0.021017074584960938
  },
  "NB": {
    "accuracy": 0.959580404195958,
    "precision": 0.9066300183241712,
    "recall": 0.9796304073918521,
    "f1_score": 0.941717614488407,
    "train_time": 0.21412110328674316
  }
}