{
  "KNN": {
    "accuracy": 0.99176,
    "precision": 0.9854683304375296,
    "recall": 0.99824,
    "f1_score": 0.9918130514267547,
    "train_time": 0.027408838272094727
  }
}