{
  "RF": {
    "accuracy": 0.99342,
    "precision": 0.9887863058208186,
    "recall": 0.99816,
    "f1_score": 0.9934510420606327,
    "train_time": 16.273526191711426
  }
}