{
  "MLP": {
    "accuracy": 0.99091,
    "precision": 0.9831125632294763,
    "recall": 0.99898,
    "f1_score": 0.9909827690537364,
    "train_time": 56.61745810508728
  }
}