{
  "input_dim": 50,
  "latent_dim": 64,
  "mask_ratio": 0.5,
  "learning_rate": 0.001,
  "epochs": 100,
  "batch_size": 128,
  "final_train_loss": 0.0013070603599771857,
  "final_val_loss": 0.0023176181130111217,
  "best_val_loss": 0.0014061486581340432
}