{
  "SVM": {
    "accuracy": 0.34057,
    "precision": 0.335656117925987,
    "recall": 0.32562,
    "f1_score": 0.3305619004111467,
    "train_time": 60.942386865615845
  }
}