{
  "KNN": {
    "accuracy": 0.50018,
    "precision": 0.5001802162595114,
    "recall": 0.49958,
    "f1_score": 0.49987992795677405,
    "train_time": 0.026137828826904297
  }
}