{
  "RF": {
    "accuracy": 0.61895,
    "precision": 0.9571132118976251,
    "recall": 0.24906,
    "f1_score": 0.39526431892844105,
    "train_time": 20.24744439125061
  }
}