{
  "KNN": {
    "accuracy": 0.95157,
    "precision": 0.9842158313495893,
    "recall": 0.91786,
    "f1_score": 0.9498804706661562,
    "train_time": 0.030567169189453125
  }
}