{
  "MLP": {
    "accuracy": 0.9162,
    "precision": 0.9794930875576037,
    "recall": 0.8502,
    "f1_score": 0.9102783725910064,
    "train_time": 57.73087477684021
  }
}