{
  "SVM": {
    "accuracy": 0.89615,
    "precision": 0.9679858239810987,
    "recall": 0.8194,
    "f1_score": 0.8875169239101002,
    "train_time": 37.87261247634888
  }
}