{
  "CNN": {
    "accuracy": 0.98457,
    "precision": 0.9823992035838726,
    "recall": 0.98682,
    "f1_score": 0.9846046395609878,
    "train_time": 60.868711948394775
  }
}