{
  "MLP": {
    "accuracy": 0.9743202567974321,
    "precision": 0.9529740871613663,
    "recall": 0.9708705825883482,
    "f1_score": 0.9618390941242904,
    "train_time": 132.62291479110718
  },
  "SVM": {
    "accuracy": 0.9162308376916231,
    "precision": 0.8626311353927523,
    "recall": 0.8905021899562009,
    "f1_score": 0.876345117720865,
    "train_time": 267.31830286979675
  },
  "RF": {
    "accuracy": 0.985490145098549,
    "precision": 0.9775620862167101,
    "recall": 0.9789404211915762,
    "f1_score": 0.97825076819306,
    "train_time": 70.42848443984985
  },
  "KNN": {
    "accuracy": 0.982810171898281,
    "precision": 0.9706434036978593,
    "recall": 0.9780104397912042,
    "f1_score": 0.974312995920563,
    "train_time": 0.018028736114501953
  },
  "NB": {
    "accuracy": 0.7808721912780873,
    "precision": 0.6359157443770083,
    "recall": 0.8015239695206096,
    "f1_score": 0.7091799493025787,
    "train_time": 0.1179194450378418
  }
}