{
  "MLP": {
    "accuracy": 0.9779402205977941,
    "precision": 0.9584118755890669,
    "recall": 0.9761804763904722,
    "f1_score": 0.967214576583539,
    "train_time": 125.97897982597351
  },
  "SVM": {
    "accuracy": 0.9093009069909301,
    "precision": 0.8530438831335118,
    "recall": 0.8794024119517609,
    "f1_score": 0.8660226299152117,
    "train_time": 221.46998071670532
  },
  "RF": {
    "accuracy": 0.985110148898511,
    "precision": 0.977107242381566,
    "recall": 0.9782504349913002,
    "f1_score": 0.9776785045047747,
    "train_time": 60.29942989349365
  },
  "KNN": {
    "accuracy": 0.982840171598284,
    "precision": 0.9708142235987849,
    "recall": 0.9779204415911682,
    "f1_score": 0.9743543758967002,
    "train_time": 0.017643451690673828
  },
  "NB": {
    "accuracy": 0.7922020779792202,
    "precision": 0.6566195917959978,
    "recall": 0.7894642107157857,
    "f1_score": 0.7169400098076608,
    "train_time": 0.11490845680236816
  }
}