{
  "MLP": {
    "accuracy": 0.988490115098849,
    "precision": 0.9684979765336128,
    "recall": 0.997930041399172,
    "f1_score": 0.982993750092345,
    "train_time": 59.184616565704346
  },
  "SVM": {
    "accuracy": 0.9834101658983411,
    "precision": 0.9567938623056733,
    "recall": 0.995170096598068,
    "f1_score": 0.9756047349459598,
    "train_time": 29.798450469970703
  },
  "RF": {
    "accuracy": 0.990810091899081,
    "precision": 0.9863465866466616,
    "recall": 0.9860802783944321,
    "f1_score": 0.9862134145426724,
    "train_time": 19.039496183395386
  },
  "KNN": {
    "accuracy": 0.977420225797742,
    "precision": 0.9761291904149046,
    "recall": 0.9556308873822523,
    "f1_score": 0.9657712830463255,
    "train_time": 0.03749275207519531
  },
  "NB": {
    "accuracy": 0.9584904150958491,
    "precision": 0.9068678024705128,
    "recall": 0.9756704865902682,
    "f1_score": 0.9400118502247208,
    "train_time": 0.3145568370819092
  }
}