{
  "results": [
    {
      "attack_type": "clean",
      "accuracy": 0.977210227897721,
      "precision": 0.9389895677249724,
      "recall": 0.996370072598548,
      "f1_score": 0.9668291972927735,
      "stage1_rejections": 5000,
      "stage2_classifications": 95001,
      "stage1_percentage": 4.999950000499995,
      "stage2_percentage": 95.0000499995
    }
  ],
  "config": {
    "trigger_threshold": 0.0073938192799687386,
    "trigger_percentile": 95
  },
  "timestamp": "2026-02-17T21:56:29.116393"
}