{
  "MLP": {
    "accuracy": 0.9689103108968911,
    "precision": 0.9560612004707728,
    "recall": 0.9504109917801644,
    "f1_score": 0.9532277233680853,
    "train_time": 127.43109345436096
  },
  "SVM": {
    "accuracy": 0.8972610273897261,
    "precision": 0.8864459042767127,
    "recall": 0.7934241315173697,
    "f1_score": 0.8373595060946653,
    "train_time": 231.5518443584442
  },
  "RF": {
    "accuracy": 0.97280027199728,
    "precision": 0.9799034361675445,
    "recall": 0.9376312473750525,
    "f1_score": 0.9583013950636211,
    "train_time": 66.98459553718567
  },
  "KNN": {
    "accuracy": 0.97880021199788,
    "precision": 0.9740311019317215,
    "recall": 0.9620507589848203,
    "f1_score": 0.9680038636843853,
    "train_time": 0.01865243911743164
  },
  "NB": {
    "accuracy": 0.7930720692793072,
    "precision": 0.6580480608136831,
    "recall": 0.7894642107157857,
    "f1_score": 0.7177906580293215,
    "train_time": 0.11206984519958496
  }
}