{
  "MLP": {
    "accuracy": 0.965740342596574,
    "precision": 0.9527399333938843,
    "recall": 0.9440511189776204,
    "f1_score": 0.9483756253390391,
    "train_time": 131.84056282043457
  },
  "SVM": {
    "accuracy": 0.8992510074899251,
    "precision": 0.8866575788808724,
    "recall": 0.8000239995200096,
    "f1_score": 0.841115894718582,
    "train_time": 260.11703395843506
  },
  "RF": {
    "accuracy": 0.973530264697353,
    "precision": 0.980610806577917,
    "recall": 0.9391612167756644,
    "f1_score": 0.9594385448750364,
    "train_time": 82.06891751289368
  },
  "KNN": {
    "accuracy": 0.9786102138978611,
    "precision": 0.9731246397913065,
    "recall": 0.9624107517849643,
    "f1_score": 0.9677380431667697,
    "train_time": 0.017977476119995117
  },
  "NB": {
    "accuracy": 0.7923820761792382,
    "precision": 0.6443729903536978,
    "recall": 0.8416631667366653,
    "f1_score": 0.7299216900382445,
    "train_time": 0.11581921577453613
  }
}