model,baseline_accuracy,baseline_f1,attack_accuracy,attack_f1,accuracy_drop,f1_drop
MLP,0.9868497954412624,0.9841101694915254,0.5812390414962011,0.007617728531855957,0.4056107539450613,0.9764924409596695
LSVM,0.8931911163062537,0.8723590012222804,0.6116306253652835,0.3005263157894737,0.28156049094097024,0.5718326854328066
QSVM,0.8866160140268848,0.8641456582633054,0.6652542372881356,0.45413390517035984,0.22136177673874924,0.4100117530929455
KNN,0.9910870835768556,0.9893001227854761,0.7973407364114553,0.6829714285714287,0.1937463471654003,0.3063286942140474
RF,0.9985388661601403,0.998240675580577,0.5840151957919345,0.0,0.4145236703682058,0.998240675580577
AE-MLP,0.9123319696084161,0.8987170830519919,0.6697837521917007,0.4699812382739212,0.2425482174167154,0.42873584477807075
