{
  "MLP": {
    "accuracy": 0.969950300496995,
    "precision": 0.9592658772222054,
    "recall": 0.9502009959800803,
    "f1_score": 0.9547119195816315,
    "train_time": 127.5813341140747
  },
  "SVM": {
    "accuracy": 0.9010009899901001,
    "precision": 0.8562914310040747,
    "recall": 0.8447831043379133,
    "f1_score": 0.8504983388704319,
    "train_time": 231.27319645881653
  },
  "RF": {
    "accuracy": 0.980430195698043,
    "precision": 0.9789942905993344,
    "recall": 0.9619307613847723,
    "f1_score": 0.970387519481895,
    "train_time": 66.9984655380249
  },
  "KNN": {
    "accuracy": 0.981970180298197,
    "precision": 0.9725444354524473,
    "recall": 0.9733905321893562,
    "f1_score": 0.9729672998785552,
    "train_time": 0.0182647705078125
  },
  "NB": {
    "accuracy": 0.7926420735792642,
    "precision": 0.6573412599290603,
    "recall": 0.7894642107157857,
    "f1_score": 0.7173699705593719,
    "train_time": 0.10750770568847656
  }
}