{
  "MLP": {
    "accuracy": 0.963960360396396,
    "precision": 0.9554786125750705,
    "recall": 0.9354712905741885,
    "f1_score": 0.9453691071699258,
    "train_time": 132.00341176986694
  },
  "SVM": {
    "accuracy": 0.9108708912910871,
    "precision": 0.8724643870298631,
    "recall": 0.8580428391432171,
    "f1_score": 0.8651935205771587,
    "train_time": 272.3165807723999
  },
  "RF": {
    "accuracy": 0.98110018899811,
    "precision": 0.9791539680604657,
    "recall": 0.9638207235855283,
    "f1_score": 0.971426843648898,
    "train_time": 80.32890582084656
  },
  "KNN": {
    "accuracy": 0.981820181798182,
    "precision": 0.9724470828086587,
    "recall": 0.9730305393892122,
    "f1_score": 0.9727387236084453,
    "train_time": 0.018129348754882812
  },
  "NB": {
    "accuracy": 0.7922720772792272,
    "precision": 0.644124193955527,
    "recall": 0.8420531589368213,
    "f1_score": 0.729908595649517,
    "train_time": 0.11307621002197266
  }
}