{
  "MLP": {
    "accuracy": 0.7810921890781092,
    "precision": 0.9843392872259376,
    "recall": 0.3488330233395332,
    "f1_score": 0.5151172835404346,
    "train_time": 57.99669694900513
  },
  "SVM": {
    "accuracy": 0.7396726032739672,
    "precision": 0.9745222929936306,
    "recall": 0.2249055018899622,
    "f1_score": 0.36546664391742023,
    "train_time": 31.807355642318726
  },
  "RF": {
    "accuracy": 0.8161518384816152,
    "precision": 0.9966115208291808,
    "recall": 0.4499910001799964,
    "f1_score": 0.6200268678309394,
    "train_time": 20.658134698867798
  },
  "KNN": {
    "accuracy": 0.8246017539824602,
    "precision": 0.9822300928187592,
    "recall": 0.48254034919301614,
    "f1_score": 0.6471534902434117,
    "train_time": 0.0270235538482666
  },
  "NB": {
    "accuracy": 0.957220427795722,
    "precision": 0.9068328199383926,
    "recall": 0.9714705705885882,
    "f1_score": 0.9380395110364406,
    "train_time": 0.2259979248046875
  }
}