{
  "MLP": {
    "accuracy": 0.988780112198878,
    "precision": 0.9690976874235452,
    "recall": 0.9981700365992681,
    "f1_score": 0.9834190459301294,
    "train_time": 87.94873046875
  },
  "SVM": {
    "accuracy": 0.983430165698343,
    "precision": 0.9548809557999942,
    "recall": 0.9974200515989681,
    "f1_score": 0.9756870570627852,
    "train_time": 40.70972537994385
  },
  "RF": {
    "accuracy": 0.992660073399266,
    "precision": 0.9843982169390788,
    "recall": 0.9937301253974921,
    "f1_score": 0.9890421593216291,
    "train_time": 17.543668031692505
  },
  "KNN": {
    "accuracy": 0.987580124198758,
    "precision": 0.9747337278106509,
    "recall": 0.9883602327953441,
    "f1_score": 0.9814996871927787,
    "train_time": 0.03204655647277832
  },
  "NB": {
    "accuracy": 0.958570414295857,
    "precision": 0.9066165204067419,
    "recall": 0.9762704745905082,
    "f1_score": 0.9401551372979533,
    "train_time": 0.4241807460784912
  }
}