{
  "MLP": {
    "accuracy": 0.96690033099669,
    "precision": 0.9415813625132369,
    "recall": 0.9602807943841123,
    "f1_score": 0.9508391504529927,
    "train_time": 129.40799713134766
  },
  "SVM": {
    "accuracy": 0.8409115908840912,
    "precision": 0.8196192083348619,
    "recall": 0.6702465950680986,
    "f1_score": 0.7374449193801264,
    "train_time": 57.73091411590576
  },
  "RF": {
    "accuracy": 0.990590094099059,
    "precision": 0.9853465583890204,
    "recall": 0.9864402711945761,
    "f1_score": 0.9858931114609101,
    "train_time": 20.98743438720703
  },
  "KNN": {
    "accuracy": 0.979290207097929,
    "precision": 0.9751649086542846,
    "recall": 0.9623807523849524,
    "f1_score": 0.9687306548293096,
    "train_time": 0.019607067108154297
  },
  "NB": {
    "accuracy": 0.5205847941520585,
    "precision": 0.40736137182284005,
    "recall": 0.9635207295854082,
    "f1_score": 0.5726256485228832,
    "train_time": 0.19707131385803223
  }
}