{
  "MLP": {
    "accuracy": 0.9588404115958841,
    "precision": 0.9525992936365326,
    "recall": 0.9224215515689687,
    "f1_score": 0.9372675730049381,
    "train_time": 128.0793902873993
  },
  "SVM": {
    "accuracy": 0.8409115908840912,
    "precision": 0.8196192083348619,
    "recall": 0.6702465950680986,
    "f1_score": 0.7374449193801264,
    "train_time": 56.643033027648926
  },
  "RF": {
    "accuracy": 0.990310096899031,
    "precision": 0.9852178345476897,
    "recall": 0.9857202855942881,
    "f1_score": 0.9854689960260928,
    "train_time": 21.813228845596313
  },
  "KNN": {
    "accuracy": 0.979290207097929,
    "precision": 0.9751649086542846,
    "recall": 0.9623807523849524,
    "f1_score": 0.9687306548293096,
    "train_time": 0.020300865173339844
  },
  "NB": {
    "accuracy": 0.5205847941520585,
    "precision": 0.40736137182284005,
    "recall": 0.9635207295854082,
    "f1_score": 0.5726256485228832,
    "train_time": 0.15358471870422363
  }
}