{
  "SVM": {
    "accuracy": 0.9857,
    "precision": 0.9735764430577223,
    "recall": 0.9985,
    "f1_score": 0.9858807266982622,
    "train_time": 33.27468490600586
  }
}