{
  "ENSEMBLE_SOFT": {
    "accuracy": 0.8354416455835442,
    "precision": 0.9408169661512745,
    "recall": 0.5403191936161277,
    "f1_score": 0.6864209764091619
  },
  "ENSEMBLE_HARD": {
    "accuracy": 0.8420315796842032,
    "precision": 0.9385346336584146,
    "recall": 0.5629687406251875,
    "f1_score": 0.7037821823023122
  },
  "ENSEMBLE_WEIGHTED_SOFT": {
    "accuracy": 0.8373516264837352,
    "precision": 0.9431434653928034,
    "recall": 0.5449091018179636,
    "f1_score": 0.6907383111820964
  },
  "MLP": {
    "accuracy": 0.8753812461875381,
    "precision": 0.933640821075376,
    "recall": 0.6740565188696226,
    "f1_score": 0.7828919860627177
  },
  "SVM": {
    "accuracy": 0.8536014639853602,
    "precision": 0.8320662214011653,
    "recall": 0.7026159476810464,
    "f1_score": 0.7618815263003805
  },
  "RF": {
    "accuracy": 0.7774722252777472,
    "precision": 0.940386296796757,
    "recall": 0.35492290154196915,
    "f1_score": 0.5153435696395513
  },
  "KNN": {
    "accuracy": 0.8519214807851921,
    "precision": 0.9518977461215729,
    "recall": 0.5853482930341393,
    "f1_score": 0.7249219794917521
  },
  "NB": {
    "accuracy": 0.6421435785642143,
    "precision": 0.4564352213773008,
    "recall": 0.38534229315413693,
    "f1_score": 0.41788665495477917
  }
}