{
  "low_pct": 75,
  "high_pct": 99,
  "low_thr": 0.0009837740799412131,
  "high_thr": 0.013118574395775795
}