{
  "CNN": {
    "accuracy": 0.98925,
    "precision": 0.9804576254541884,
    "recall": 0.9984,
    "f1_score": 0.989347470643611,
    "train_time": 68.56429648399353
  }
}