{
  "KNN": {
    "accuracy": 0.98133,
    "precision": 0.9775004464197139,
    "recall": 0.98534,
    "f1_score": 0.9814045676835887,
    "train_time": 0.026843786239624023
  }
}