{
  "MLP": {
    "accuracy": 0.6570734292657073,
    "precision": 0.08556611927398444,
    "recall": 0.002969940601187976,
    "f1_score": 0.005740627989910411,
    "train_time": 59.28482437133789
  },
  "SVM": {
    "accuracy": 0.8110718892811072,
    "precision": 0.9111667900461249,
    "recall": 0.48002039959200815,
    "f1_score": 0.6287847529226839,
    "train_time": 28.577750205993652
  },
  "RF": {
    "accuracy": 0.6611933880661194,
    "precision": 0.003629764065335753,
    "recall": 5.999880002399952e-05,
    "f1_score": 0.00011804633318577541,
    "train_time": 15.053082942962646
  },
  "KNN": {
    "accuracy": 0.8663313366866331,
    "precision": 0.9594128203948277,
    "recall": 0.625457490850183,
    "f1_score": 0.7572505221102334,
    "train_time": 0.022950172424316406
  },
  "NB": {
    "accuracy": 0.6330336696633033,
    "precision": 0.0,
    "recall": 0.0,
    "f1_score": 0.0,
    "train_time": 0.23039698600769043
  }
}